Buchungstag,Valuta,Bezeichnung,ISIN,Nominal (Stk.),,Betrag,,Kurs,,Devisenkurs,TA.-Nr.,Buchungsinformation
23.07.2019,25.07.2019,WISDOMTREE PHYSICAL PALLADIUM ETC,DE000A0N62E5,27,Stück,3466.80,€,128.40,€,1.00,1670108983,Ausführung ORDER Kauf DE000A0N62E5 124182559
23.07.2019,25.07.2019,ISHARES S&P 500 INFO TECH SECT ETF,IE00B3WJKG14,26,Stück,237.12,€,9.12,€,1.00,1670118181,Ausführung ORDER Kauf IE00B3WJKG14 124181679
23.07.2019,25.07.2019,ISHARES S&P 500 INFO TECH SECT ETF,IE00B3WJKG14,42,Stück,383.04,€,9.12,€,1.00,1670150069,Ausführung ORDER Kauf IE00B3WJKG14 124181679
23.07.2019,25.07.2019,ISHARES S&P 500 INFO TECH SECT ETF,IE00B3WJKG14,23,Stück,209.76,€,9.12,€,1.00,1670150080,Ausführung ORDER Kauf IE00B3WJKG14 124181679
23.07.2019,25.07.2019,ISHARES S&P 500 INFO TECH SECT ETF,IE00B3WJKG14,289,Stück,2635.68,€,9.12,€,1.00,1670150091,Ausführung ORDER Kauf IE00B3WJKG14 124181679
24.07.2019,26.07.2019,ISHARES EDGE MSCI WLD MIN VOL ETF,IE00B8FHGS14,275,Stück,12324.13,€,44.82,€,1.00,1670773862,Ausführung ORDER Kauf IE00B8FHGS14 124209829
24.07.2019,26.07.2019,ISHARES STOXX GLOBAL SEL DIV 100 (DE),DE000A0F5UH1,445,Stück,12368.78,€,27.80,€,1.00,1670775491,Ausführung ORDER Kauf DE000A0F5UH1 124209945
25.07.2019,29.07.2019,LYXOR NYSE ARCA GOLD BUGS ETF,LU0488317701,180,Stück,3412.44,€,18.96,€,1.00,1671547881,Ausführung ORDER Kauf LU0488317701 124239057
25.07.2019,29.07.2019,L&G CYBER SECURITY ETF,IE00BYPLS672,232,Stück,3446.13,€,14.85,€,1.00,1671552901,Ausführung ORDER Kauf IE00BYPLS672 124239526
25.07.2019,29.07.2019,ISHARES MSCI RUSSIA ADR/GDR ETF,IE00B5V87390,29,Stück,3422.58,€,118.02,€,1.00,1671700114,Ausführung ORDER Kauf IE00B5V87390 124239242
30.08.2019,30.08.2019,ISHARES STOXX GLOBAL SEL DIV 100 (DE),DE000A0F5UH1,-445,Stück,-12368.78,€,27.80,€,1.00,1693201545,Thesaurierung transparenter Fonds DE000A0F5UH1
30.08.2019,30.08.2019,ISHARES STOXX GLOBAL SEL DIV 100 (DE),DE000A0F5UH1,445,Stück,12516.30,€,28.13,€,1.00,1693201546,Thesaurierung transparenter Fonds DE000A0F5UH1
08.10.2019,10.10.2019,ISHARES $ TREASURY BD 7-10Y ETF,IE00B1FZS798,47,Stück,8983.53,€,191.14,€,1.00,1715790688,Ausführung ORDER Kauf IE00B1FZS798 126415171
08.10.2019,10.10.2019,ISHARES JP MORGAN $ EM BOND ETF,IE00B2NPKV68,30,Stück,3095.07,€,103.17,€,1.00,1715793074,Ausführung ORDER Kauf IE00B2NPKV68 126415385
17.10.2019,17.10.2019,ISHARES EDGE MSCI WLD MIN VOL ETF,IE00B8FHGS14,-275,Stück,-12324.13,€,44.82,€,1.00,1721492517,Thesaurierung transparenter Fonds IE00B8FHGS14
17.10.2019,17.10.2019,ISHARES EDGE MSCI WLD MIN VOL ETF,IE00B8FHGS14,275,Stück,12791.32,€,46.51,€,1.00,1721492518,Thesaurierung transparenter Fonds IE00B8FHGS14
20.12.2019,20.12.2019,L&G CYBER SECURITY ETF,IE00BYPLS672,-232,Stück,-3446.13,€,14.85,€,1.00,1760719757,Thesaurierung transparenter Fonds IE00BYPLS672
20.12.2019,20.12.2019,L&G CYBER SECURITY ETF,IE00BYPLS672,232,Stück,3591.80,€,15.48,€,1.00,1760719758,Thesaurierung transparenter Fonds IE00BYPLS672
17.03.2020,19.03.2020,WISDOMTREE PHYSICAL PALLADIUM ETC,DE000A0N62E5,-27,Stück,-3522.42,€,130.46,€,1.00,1839849636,Ausführung ORDER Verkauf DE000A0N62E5 141956547
17.03.2020,19.03.2020,ISHARES MSCI RUSSIA ADR/GDR ETF,IE00B5V87390,-29,Stück,-2273.60,€,78.40,€,1.00,1839887323,Ausführung ORDER Verkauf IE00B5V87390 141958393
23.03.2020,25.03.2020,ISHARES EDGE MSCI WLD MIN VOL ETF,IE00B8FHGS14,95,Stück,3459.90,€,36.42,€,1.00,1848080583,Ausführung ORDER Kauf IE00B8FHGS14 142478340
23.03.2020,25.03.2020,ISHARES CORE S&P 500 ETF,IE00B5BMR087,60,Stück,12453.00,€,207.55,€,1.00,1848088433,Ausführung ORDER Kauf IE00B5BMR087 142479474
23.03.2020,25.03.2020,ISHARES CORE MSCI EM IMI ETF,IE00BKM4GZ66,180,Stück,3391.92,€,18.84,€,1.00,1848108349,Ausführung ORDER Kauf IE00BKM4GZ66 142480805
23.03.2020,25.03.2020,ISHARES CORE MSCI JAPAN IMI ETF,IE00B4L5YX21,112,Stück,3430.67,€,30.63,€,1.00,1848115270,Ausführung ORDER Kauf IE00B4L5YX21 142481368
23.03.2020,25.03.2020,ISHARES S&P 500 INFO TECH SECT ETF,IE00B3WJKG14,300,Stück,2415.00,€,8.05,€,1.00,1848115456,Ausführung ORDER Kauf IE00B3WJKG14 142471269
23.03.2020,25.03.2020,ISHARES CORE MSCI EUROPE ETF (ACC),IE00B4K48X80,92,Stück,3485.42,€,37.89,€,1.00,1848123612,Ausführung ORDER Kauf IE00B4K48X80 142482197
25.03.2020,25.03.2020,ISHARES $ TREASURY BD 7-10Y ETF,IE00B1FZS798,-47,Stück,-8983.53,€,191.14,€,1.00,1850732177,Thesaurierung transparenter Fonds IE00B1FZS798
25.03.2020,25.03.2020,ISHARES $ TREASURY BD 7-10Y ETF,IE00B1FZS798,47,Stück,9176.85,€,195.25,€,1.00,1850732178,Thesaurierung transparenter Fonds IE00B1FZS798
25.03.2020,25.03.2020,ISHARES JP MORGAN $ EM BOND ETF,IE00B2NPKV68,-30,Stück,-3095.07,€,103.17,€,1.00,1850749628,Thesaurierung transparenter Fonds IE00B2NPKV68
25.03.2020,25.03.2020,ISHARES JP MORGAN $ EM BOND ETF,IE00B2NPKV68,30,Stück,3117.92,€,103.93,€,1.00,1850749629,Thesaurierung transparenter Fonds IE00B2NPKV68
10.04.2020,10.04.2020,ISHARES S&P 500 INFO TECH SECT ETF,IE00B3WJKG14,-26,Stück,-224.85,€,8.65,€,1.00,1871292050,Thesaurierung transparenter Fonds IE00B3WJKG14
10.04.2020,10.04.2020,ISHARES S&P 500 INFO TECH SECT ETF,IE00B3WJKG14,-42,Stück,-363.21,€,8.65,€,1.00,1871292051,Thesaurierung transparenter Fonds IE00B3WJKG14
10.04.2020,10.04.2020,ISHARES S&P 500 INFO TECH SECT ETF,IE00B3WJKG14,-23,Stück,-198.90,€,8.65,€,1.00,1871292052,Thesaurierung transparenter Fonds IE00B3WJKG14
10.04.2020,10.04.2020,ISHARES S&P 500 INFO TECH SECT ETF,IE00B3WJKG14,-289,Stück,-2499.25,€,8.65,€,1.00,1871292053,Thesaurierung transparenter Fonds IE00B3WJKG14
10.04.2020,10.04.2020,ISHARES S&P 500 INFO TECH SECT ETF,IE00B3WJKG14,-300,Stück,-2594.38,€,8.65,€,1.00,1871292054,Thesaurierung transparenter Fonds IE00B3WJKG14
10.04.2020,10.04.2020,ISHARES S&P 500 INFO TECH SECT ETF,IE00B3WJKG14,26,Stück,252.88,€,9.73,€,1.00,1871292055,Thesaurierung transparenter Fonds IE00B3WJKG14
10.04.2020,10.04.2020,ISHARES S&P 500 INFO TECH SECT ETF,IE00B3WJKG14,42,Stück,408.49,€,9.73,€,1.00,1871292056,Thesaurierung transparenter Fonds IE00B3WJKG14
10.04.2020,10.04.2020,ISHARES S&P 500 INFO TECH SECT ETF,IE00B3WJKG14,23,Stück,223.70,€,9.73,€,1.00,1871292057,Thesaurierung transparenter Fonds IE00B3WJKG14
10.04.2020,10.04.2020,ISHARES S&P 500 INFO TECH SECT ETF,IE00B3WJKG14,289,Stück,2810.83,€,9.73,€,1.00,1871292058,Thesaurierung transparenter Fonds IE00B3WJKG14
10.04.2020,10.04.2020,ISHARES S&P 500 INFO TECH SECT ETF,IE00B3WJKG14,300,Stück,2917.82,€,9.73,€,1.00,1871292059,Thesaurierung transparenter Fonds IE00B3WJKG14
27.04.2020,29.04.2020,ISHARES CORE S&P 500 ETF,IE00B5BMR087,-20,Stück,-5278.20,€,263.91,€,1.00,1884955525,Ausführung ORDER Verkauf IE00B5BMR087 144803591
27.04.2020,29.04.2020,ISHARES JP MORGAN $ EM BOND ETF,IE00B2NPKV68,-30,Stück,-2682.75,€,89.43,€,1.00,1884959461,Ausführung ORDER Verkauf IE00B2NPKV68 144804060
27.04.2020,29.04.2020,ISHARES $ TREASURY BD 7-10Y ETF,IE00B1FZS798,-47,Stück,-9749.26,€,207.43,€,1.00,1884962958,Ausführung ORDER Verkauf IE00B1FZS798 144804377
18.08.2020,18.08.2020,ISHARES STOXX GLOBAL SEL DIV 100 (DE),DE000A0F5UH1,-445,Stück,-12516.30,€,28.13,€,1.00,1995662546,Thesaurierung transparenter Fonds DE000A0F5UH1
18.08.2020,18.08.2020,ISHARES STOXX GLOBAL SEL DIV 100 (DE),DE000A0F5UH1,445,Stück,12912.26,€,29.02,€,1.00,1995662547,Thesaurierung transparenter Fonds DE000A0F5UH1
25.09.2020,25.09.2020,ISHARES CORE MSCI EM IMI ETF,IE00BKM4GZ66,-180,Stück,-3391.92,€,18.84,€,1.00,2030216478,Thesaurierung transparenter Fonds IE00BKM4GZ66
25.09.2020,25.09.2020,ISHARES CORE MSCI EM IMI ETF,IE00BKM4GZ66,180,Stück,3479.30,€,19.33,€,1.00,2030216479,Thesaurierung transparenter Fonds IE00BKM4GZ66
25.09.2020,25.09.2020,ISHARES EDGE MSCI WLD MIN VOL ETF,IE00B8FHGS14,-275,Stück,-12078.61,€,43.92,€,1.00,2030251638,Thesaurierung transparenter Fonds IE00B8FHGS14
25.09.2020,25.09.2020,ISHARES EDGE MSCI WLD MIN VOL ETF,IE00B8FHGS14,-95,Stück,-4172.61,€,43.92,€,1.00,2030251639,Thesaurierung transparenter Fonds IE00B8FHGS14
25.09.2020,25.09.2020,ISHARES EDGE MSCI WLD MIN VOL ETF,IE00B8FHGS14,275,Stück,12597.09,€,45.81,€,1.00,2030251640,Thesaurierung transparenter Fonds IE00B8FHGS14
25.09.2020,25.09.2020,ISHARES EDGE MSCI WLD MIN VOL ETF,IE00B8FHGS14,95,Stück,4351.72,€,45.81,€,1.00,2030251641,Thesaurierung transparenter Fonds IE00B8FHGS14
04.12.2020,04.12.2020,L&G CYBER SECURITY ETF,IE00BYPLS672,-232,Stück,-3591.80,€,15.48,€,1.00,2107789841,Thesaurierung transparenter Fonds IE00BYPLS672
04.12.2020,04.12.2020,L&G CYBER SECURITY ETF,IE00BYPLS672,232,Stück,3786.78,€,16.32,€,1.00,2107789842,Thesaurierung transparenter Fonds IE00BYPLS672
11.12.2020,11.12.2020,ISHARES CORE MSCI JAPAN IMI ETF,IE00B4L5YX21,-112,Stück,-3430.67,€,30.63,€,1.00,2115508240,Thesaurierung transparenter Fonds IE00B4L5YX21
11.12.2020,11.12.2020,ISHARES CORE MSCI JAPAN IMI ETF,IE00B4L5YX21,112,Stück,3481.26,€,31.08,€,1.00,2115508241,Thesaurierung transparenter Fonds IE00B4L5YX21
11.12.2020,11.12.2020,ISHARES CORE MSCI EUROPE ETF (ACC),IE00B4K48X80,-92,Stück,-3485.42,€,37.89,€,1.00,2115622569,Thesaurierung transparenter Fonds IE00B4K48X80
11.12.2020,11.12.2020,ISHARES CORE MSCI EUROPE ETF (ACC),IE00B4K48X80,92,Stück,3554.80,€,38.64,€,1.00,2115622570,Thesaurierung transparenter Fonds IE00B4K48X80
13.01.2021,13.01.2021,ISHARES CORE S&P 500 ETF,IE00B5BMR087,-40,Stück,-8302.00,€,207.55,€,1.00,2160714391,Thesaurierung transparenter Fonds IE00B5BMR087
13.01.2021,13.01.2021,ISHARES CORE S&P 500 ETF,IE00B5BMR087,40,Stück,8701.10,€,217.53,€,1.00,2160714392,Thesaurierung transparenter Fonds IE00B5BMR087
21.01.2021,21.01.2021,LYXOR NYSE ARCA GOLD BUGS ETF,LU0488317701,-180,Stück,-3412.44,€,18.96,€,1.00,2174216790,Thesaurierung transparenter Fonds LU0488317701
21.01.2021,21.01.2021,LYXOR NYSE ARCA GOLD BUGS ETF,LU0488317701,180,Stück,3412.44,€,18.96,€,1.00,2174216791,Thesaurierung transparenter Fonds LU0488317701
30.04.2021,30.04.2021,ISHARES S&P 500 INFO TECH SECT ETF,IE00B3WJKG14,-26,Stück,-252.88,€,9.73,€,1.00,2316068083,Thesaurierung transparenter Fonds IE00B3WJKG14
30.04.2021,30.04.2021,ISHARES S&P 500 INFO TECH SECT ETF,IE00B3WJKG14,-42,Stück,-408.49,€,9.73,€,1.00,2316068084,Thesaurierung transparenter Fonds IE00B3WJKG14
30.04.2021,30.04.2021,ISHARES S&P 500 INFO TECH SECT ETF,IE00B3WJKG14,-23,Stück,-223.70,€,9.73,€,1.00,2316068085,Thesaurierung transparenter Fonds IE00B3WJKG14
30.04.2021,30.04.2021,ISHARES S&P 500 INFO TECH SECT ETF,IE00B3WJKG14,-289,Stück,-2810.83,€,9.73,€,1.00,2316068086,Thesaurierung transparenter Fonds IE00B3WJKG14
30.04.2021,30.04.2021,ISHARES S&P 500 INFO TECH SECT ETF,IE00B3WJKG14,-300,Stück,-2917.82,€,9.73,€,1.00,2316068087,Thesaurierung transparenter Fonds IE00B3WJKG14
30.04.2021,30.04.2021,ISHARES S&P 500 INFO TECH SECT ETF,IE00B3WJKG14,26,Stück,267.85,€,10.30,€,1.00,2316068088,Thesaurierung transparenter Fonds IE00B3WJKG14
30.04.2021,30.04.2021,ISHARES S&P 500 INFO TECH SECT ETF,IE00B3WJKG14,42,Stück,432.67,€,10.30,€,1.00,2316068089,Thesaurierung transparenter Fonds IE00B3WJKG14
30.04.2021,30.04.2021,ISHARES S&P 500 INFO TECH SECT ETF,IE00B3WJKG14,23,Stück,236.94,€,10.30,€,1.00,2316068090,Thesaurierung transparenter Fonds IE00B3WJKG14
30.04.2021,30.04.2021,ISHARES S&P 500 INFO TECH SECT ETF,IE00B3WJKG14,289,Stück,2977.24,€,10.30,€,1.00,2316068091,Thesaurierung transparenter Fonds IE00B3WJKG14
30.04.2021,30.04.2021,ISHARES S&P 500 INFO TECH SECT ETF,IE00B3WJKG14,300,Stück,3090.57,€,10.30,€,1.00,2316068092,Thesaurierung transparenter Fonds IE00B3WJKG14
02.07.2021,06.07.2021,ISHARES CORE MSCI EM IMI ETF,IE00BKM4GZ66,216,Stück,6983.71,€,32.33,€,1.00,2394264082,Ausführung ORDER Kauf IE00BKM4GZ66 177041617
02.07.2021,06.07.2021,ISHARES CORE MSCI EUROPE ETF (ACC),IE00B4K48X80,110,Stück,6982.80,€,63.48,€,1.00,2394277114,Ausführung ORDER Kauf IE00B4K48X80 177041865
02.07.2021,06.07.2021,ISHARES CORE MSCI JAPAN IMI ETF,IE00B4L5YX21,80,Stück,3477.44,€,43.47,€,1.00,2394282972,Ausführung ORDER Kauf IE00B4L5YX21 177041981
02.07.2021,06.07.2021,ISHARES CORE S&P 500 ETF,IE00B5BMR087,33,Stück,12261.15,€,371.55,€,1.00,2394288646,Ausführung ORDER Kauf IE00B5BMR087 177042096
02.07.2021,06.07.2021,LYXOR NYSE ARCA GOLD BUGS ETF,LU0488317701,153,Stück,3469.28,€,22.68,€,1.00,2394298668,Ausführung ORDER Kauf LU0488317701 177042262
02.07.2021,06.07.2021,VANGUARD FTSE DEV ASIAPACEXJPN UCITS ETF,IE00B9F5YL18,129,Stück,3479.13,€,26.97,€,1.00,2394307111,Ausführung ORDER Kauf IE00B9F5YL18 177042396
02.07.2021,06.07.2021,ISHARES MSCI WORLD SMALL CAP ETF,IE00BF4RFH31,560,Stück,3488.80,€,6.23,€,1.00,2394315832,Ausführung ORDER Kauf IE00BF4RFH31 177042564
06.08.2021,06.08.2021,ISHARES STOXX GLOBAL SEL DIV 100 (DE),DE000A0F5UH1,-445,Stück,-12912.26,€,29.02,€,1.00,2434318258,Thesaurierung transparenter Fonds DE000A0F5UH1
06.08.2021,06.08.2021,ISHARES STOXX GLOBAL SEL DIV 100 (DE),DE000A0F5UH1,445,Stück,12915.95,€,29.02,€,1.00,2434318259,Thesaurierung transparenter Fonds DE000A0F5UH1
07.08.2021,07.08.2021,ISHARES CORE MSCI EM IMI ETF,IE00BKM4GZ66,-180,Stück,-4755.91,€,26.42,€,1.00,2435684304,Thesaurierung transparenter Fonds IE00BKM4GZ66
07.08.2021,07.08.2021,ISHARES CORE MSCI EM IMI ETF,IE00BKM4GZ66,-216,Stück,-5707.10,€,26.42,€,1.00,2435684305,Thesaurierung transparenter Fonds IE00BKM4GZ66
07.08.2021,07.08.2021,ISHARES CORE MSCI EM IMI ETF,IE00BKM4GZ66,180,Stück,4770.88,€,26.50,€,1.00,2435684306,Thesaurierung transparenter Fonds IE00BKM4GZ66
07.08.2021,07.08.2021,ISHARES CORE MSCI EM IMI ETF,IE00BKM4GZ66,216,Stück,5725.07,€,26.50,€,1.00,2435684307,Thesaurierung transparenter Fonds IE00BKM4GZ66
26.08.2021,26.08.2021,ISHARES EDGE MSCI WLD MIN VOL ETF,IE00B8FHGS14,-275,Stück,-12597.09,€,45.81,€,1.00,2455588040,Thesaurierung transparenter Fonds IE00B8FHGS14
26.08.2021,26.08.2021,ISHARES EDGE MSCI WLD MIN VOL ETF,IE00B8FHGS14,-95,Stück,-4351.72,€,45.81,€,1.00,2455588041,Thesaurierung transparenter Fonds IE00B8FHGS14
26.08.2021,26.08.2021,ISHARES EDGE MSCI WLD MIN VOL ETF,IE00B8FHGS14,275,Stück,13025.43,€,47.37,€,1.00,2455588042,Thesaurierung transparenter Fonds IE00B8FHGS14
26.08.2021,26.08.2021,ISHARES EDGE MSCI WLD MIN VOL ETF,IE00B8FHGS14,95,Stück,4499.69,€,47.37,€,1.00,2455588043,Thesaurierung transparenter Fonds IE00B8FHGS14
02.12.2021,02.12.2021,ISHARES MSCI WORLD SMALL CAP ETF,IE00BF4RFH31,-560,Stück,-3488.80,€,6.23,€,1.00,2582020499,Thesaurierung transparenter Fonds IE00BF4RFH31
02.12.2021,02.12.2021,ISHARES MSCI WORLD SMALL CAP ETF,IE00BF4RFH31,560,Stück,3621.89,€,6.47,€,1.00,2582020500,Thesaurierung transparenter Fonds IE00BF4RFH31
02.12.2021,02.12.2021,ISHARES CORE MSCI JAPAN IMI ETF,IE00B4L5YX21,-112,Stück,-4059.24,€,36.24,€,1.00,2582046612,Thesaurierung transparenter Fonds IE00B4L5YX21
02.12.2021,02.12.2021,ISHARES CORE MSCI JAPAN IMI ETF,IE00B4L5YX21,-80,Stück,-2899.46,€,36.24,€,1.00,2582046613,Thesaurierung transparenter Fonds IE00B4L5YX21
02.12.2021,02.12.2021,ISHARES CORE MSCI JAPAN IMI ETF,IE00B4L5YX21,112,Stück,4233.53,€,37.80,€,1.00,2582046614,Thesaurierung transparenter Fonds IE00B4L5YX21
02.12.2021,02.12.2021,ISHARES CORE MSCI JAPAN IMI ETF,IE00B4L5YX21,80,Stück,3023.96,€,37.80,€,1.00,2582046615,Thesaurierung transparenter Fonds IE00B4L5YX21
02.12.2021,02.12.2021,ISHARES CORE MSCI EUROPE ETF (ACC),IE00B4K48X80,-92,Stück,-4799.30,€,52.17,€,1.00,2582327277,Thesaurierung transparenter Fonds IE00B4K48X80
02.12.2021,02.12.2021,ISHARES CORE MSCI EUROPE ETF (ACC),IE00B4K48X80,-110,Stück,-5738.30,€,52.17,€,1.00,2582327278,Thesaurierung transparenter Fonds IE00B4K48X80
02.12.2021,02.12.2021,ISHARES CORE MSCI EUROPE ETF (ACC),IE00B4K48X80,92,Stück,4935.26,€,53.64,€,1.00,2582327279,Thesaurierung transparenter Fonds IE00B4K48X80
02.12.2021,02.12.2021,ISHARES CORE MSCI EUROPE ETF (ACC),IE00B4K48X80,110,Stück,5900.86,€,53.64,€,1.00,2582327280,Thesaurierung transparenter Fonds IE00B4K48X80
13.01.2022,13.01.2022,ISHARES CORE S&P 500 ETF,IE00B5BMR087,-40,Stück,-11486.16,€,287.15,€,1.00,2647297140,Thesaurierung transparenter Fonds IE00B5BMR087
13.01.2022,13.01.2022,ISHARES CORE S&P 500 ETF,IE00B5BMR087,-33,Stück,-9476.09,€,287.15,€,1.00,2647297141,Thesaurierung transparenter Fonds IE00B5BMR087
13.01.2022,13.01.2022,ISHARES CORE S&P 500 ETF,IE00B5BMR087,40,Stück,12201.14,€,305.03,€,1.00,2647297142,Thesaurierung transparenter Fonds IE00B5BMR087
13.01.2022,13.01.2022,ISHARES CORE S&P 500 ETF,IE00B5BMR087,33,Stück,10065.95,€,305.03,€,1.00,2647297143,Thesaurierung transparenter Fonds IE00B5BMR087
19.01.2022,19.01.2022,L&G CYBER SECURITY ETF,IE00BYPLS672,-232,Stück,-3786.78,€,16.32,€,1.00,2654974919,Thesaurierung transparenter Fonds IE00BYPLS672
19.01.2022,19.01.2022,L&G CYBER SECURITY ETF,IE00BYPLS672,232,Stück,4198.18,€,18.10,€,1.00,2654974920,Thesaurierung transparenter Fonds IE00BYPLS672
05.05.2022,05.05.2022,ISHARES S&P 500 INFO TECH SECT ETF,IE00B3WJKG14,-26,Stück,-267.85,€,10.30,€,1.00,2819073071,Thesaurierung transparenter Fonds IE00B3WJKG14
05.05.2022,05.05.2022,ISHARES S&P 500 INFO TECH SECT ETF,IE00B3WJKG14,-42,Stück,-432.68,€,10.30,€,1.00,2819073072,Thesaurierung transparenter Fonds IE00B3WJKG14
05.05.2022,05.05.2022,ISHARES S&P 500 INFO TECH SECT ETF,IE00B3WJKG14,-23,Stück,-236.94,€,10.30,€,1.00,2819073073,Thesaurierung transparenter Fonds IE00B3WJKG14
05.05.2022,05.05.2022,ISHARES S&P 500 INFO TECH SECT ETF,IE00B3WJKG14,-289,Stück,-2977.24,€,10.30,€,1.00,2819073074,Thesaurierung transparenter Fonds IE00B3WJKG14
05.05.2022,05.05.2022,ISHARES S&P 500 INFO TECH SECT ETF,IE00B3WJKG14,-300,Stück,-3090.56,€,10.30,€,1.00,2819073075,Thesaurierung transparenter Fonds IE00B3WJKG14
05.05.2022,05.05.2022,ISHARES S&P 500 INFO TECH SECT ETF,IE00B3WJKG14,26,Stück,290.34,€,11.17,€,1.00,2819073076,Thesaurierung transparenter Fonds IE00B3WJKG14
05.05.2022,05.05.2022,ISHARES S&P 500 INFO TECH SECT ETF,IE00B3WJKG14,42,Stück,469.02,€,11.17,€,1.00,2819073077,Thesaurierung transparenter Fonds IE00B3WJKG14
05.05.2022,05.05.2022,ISHARES S&P 500 INFO TECH SECT ETF,IE00B3WJKG14,23,Stück,256.84,€,11.17,€,1.00,2819073078,Thesaurierung transparenter Fonds IE00B3WJKG14
05.05.2022,05.05.2022,ISHARES S&P 500 INFO TECH SECT ETF,IE00B3WJKG14,289,Stück,3227.27,€,11.17,€,1.00,2819073079,Thesaurierung transparenter Fonds IE00B3WJKG14
05.05.2022,05.05.2022,ISHARES S&P 500 INFO TECH SECT ETF,IE00B3WJKG14,300,Stück,3350.11,€,11.17,€,1.00,2819073080,Thesaurierung transparenter Fonds IE00B3WJKG14
24.06.2022,28.06.2022,ISHARES CORE MSCI EUROPE ETF (ACC),IE00B4K48X80,90,Stück,5341.50,€,59.35,€,1.00,2882832060,Ausführung ORDER Kauf IE00B4K48X80 222105802
24.06.2022,28.06.2022,ISHARES CORE S&P 500 ETF,IE00B5BMR087,24,Stück,8957.52,€,373.23,€,1.00,2882832795,Ausführung ORDER Kauf IE00B5BMR087 222105859
24.06.2022,28.06.2022,ISHARES MSCI WORLD SMALL CAP ETF,IE00BF4RFH31,750,Stück,4151.25,€,5.54,€,1.00,2882834297,Ausführung ORDER Kauf IE00BF4RFH31 222105940
06.08.2022,06.08.2022,ISHARES STOXX GLOBAL SEL DIV 100 (DE),DE000A0F5UH1,-445,Stück,-12915.95,€,29.02,€,1.00,2943983266,Thesaurierung transparenter Fonds DE000A0F5UH1
06.08.2022,06.08.2022,ISHARES STOXX GLOBAL SEL DIV 100 (DE),DE000A0F5UH1,445,Stück,13553.37,€,30.46,€,1.00,2943983267,Thesaurierung transparenter Fonds DE000A0F5UH1
03.09.2022,03.09.2022,ISHARES CORE MSCI EM IMI ETF,IE00BKM4GZ66,-180,Stück,-4770.89,€,26.50,€,1.00,2975774059,Thesaurierung transparenter Fonds IE00BKM4GZ66
03.09.2022,03.09.2022,ISHARES CORE MSCI EM IMI ETF,IE00BKM4GZ66,-216,Stück,-5725.06,€,26.50,€,1.00,2975774060,Thesaurierung transparenter Fonds IE00BKM4GZ66
03.09.2022,03.09.2022,ISHARES CORE MSCI EM IMI ETF,IE00BKM4GZ66,180,Stück,4912.20,€,27.29,€,1.00,2975774061,Thesaurierung transparenter Fonds IE00BKM4GZ66
03.09.2022,03.09.2022,ISHARES CORE MSCI EM IMI ETF,IE00BKM4GZ66,216,Stück,5894.63,€,27.29,€,1.00,2975774062,Thesaurierung transparenter Fonds IE00BKM4GZ66
14.10.2022,14.10.2022,ISHARES EDGE MSCI WLD MIN VOL ETF,IE00B8FHGS14,-275,Stück,-13025.43,€,47.37,€,1.00,3029502199,Thesaurierung transparenter Fonds IE00B8FHGS14
14.10.2022,14.10.2022,ISHARES EDGE MSCI WLD MIN VOL ETF,IE00B8FHGS14,-95,Stück,-4499.69,€,47.37,€,1.00,3029502200,Thesaurierung transparenter Fonds IE00B8FHGS14
14.10.2022,14.10.2022,ISHARES EDGE MSCI WLD MIN VOL ETF,IE00B8FHGS14,275,Stück,13954.99,€,50.75,€,1.00,3029502201,Thesaurierung transparenter Fonds IE00B8FHGS14
14.10.2022,14.10.2022,ISHARES EDGE MSCI WLD MIN VOL ETF,IE00B8FHGS14,95,Stück,4820.81,€,50.75,€,1.00,3029502202,Thesaurierung transparenter Fonds IE00B8FHGS14
02.12.2022,02.12.2022,ISHARES MSCI WORLD SMALL CAP ETF,IE00BF4RFH31,-560,Stück,-3322.87,€,5.93,€,1.00,3084685285,Thesaurierung transparenter Fonds IE00BF4RFH31
02.12.2022,02.12.2022,ISHARES MSCI WORLD SMALL CAP ETF,IE00BF4RFH31,-750,Stück,-4450.27,€,5.93,€,1.00,3084685286,Thesaurierung transparenter Fonds IE00BF4RFH31
02.12.2022,02.12.2022,ISHARES MSCI WORLD SMALL CAP ETF,IE00BF4RFH31,560,Stück,3672.34,€,6.56,€,1.00,3084685287,Thesaurierung transparenter Fonds IE00BF4RFH31
02.12.2022,02.12.2022,ISHARES MSCI WORLD SMALL CAP ETF,IE00BF4RFH31,750,Stück,4918.32,€,6.56,€,1.00,3084685288,Thesaurierung transparenter Fonds IE00BF4RFH31
02.12.2022,02.12.2022,ISHARES CORE MSCI JAPAN IMI ETF,IE00B4L5YX21,-112,Stück,-4233.54,€,37.80,€,1.00,3084738375,Thesaurierung transparenter Fonds IE00B4L5YX21
02.12.2022,02.12.2022,ISHARES CORE MSCI JAPAN IMI ETF,IE00B4L5YX21,-80,Stück,-3023.95,€,37.80,€,1.00,3084738376,Thesaurierung transparenter Fonds IE00B4L5YX21
02.12.2022,02.12.2022,ISHARES CORE MSCI JAPAN IMI ETF,IE00B4L5YX21,112,Stück,4367.93,€,39.00,€,1.00,3084738377,Thesaurierung transparenter Fonds IE00B4L5YX21
02.12.2022,02.12.2022,ISHARES CORE MSCI JAPAN IMI ETF,IE00B4L5YX21,80,Stück,3119.94,€,39.00,€,1.00,3084738378,Thesaurierung transparenter Fonds IE00B4L5YX21
02.12.2022,02.12.2022,ISHARES CORE MSCI EUROPE ETF (ACC),IE00B4K48X80,-92,Stück,-5097.06,€,55.40,€,1.00,3085324699,Thesaurierung transparenter Fonds IE00B4K48X80
02.12.2022,02.12.2022,ISHARES CORE MSCI EUROPE ETF (ACC),IE00B4K48X80,-110,Stück,-6094.31,€,55.40,€,1.00,3085324700,Thesaurierung transparenter Fonds IE00B4K48X80
02.12.2022,02.12.2022,ISHARES CORE MSCI EUROPE ETF (ACC),IE00B4K48X80,-90,Stück,-4986.25,€,55.40,€,1.00,3085324701,Thesaurierung transparenter Fonds IE00B4K48X80
02.12.2022,02.12.2022,ISHARES CORE MSCI EUROPE ETF (ACC),IE00B4K48X80,92,Stück,5355.43,€,58.21,€,1.00,3085324702,Thesaurierung transparenter Fonds IE00B4K48X80
02.12.2022,02.12.2022,ISHARES CORE MSCI EUROPE ETF (ACC),IE00B4K48X80,110,Stück,6403.23,€,58.21,€,1.00,3085324703,Thesaurierung transparenter Fonds IE00B4K48X80
02.12.2022,02.12.2022,ISHARES CORE MSCI EUROPE ETF (ACC),IE00B4K48X80,90,Stück,5239.01,€,58.21,€,1.00,3085324704,Thesaurierung transparenter Fonds IE00B4K48X80
23.12.2022,23.12.2022,L&G CYBER SECURITY ETF,IE00BYPLS672,-232,Stück,-4198.18,€,18.10,€,1.00,3107563978,Thesaurierung transparenter Fonds IE00BYPLS672
23.12.2022,23.12.2022,L&G CYBER SECURITY ETF,IE00BYPLS672,232,Stück,4445.33,€,19.16,€,1.00,3107563979,Thesaurierung transparenter Fonds IE00BYPLS672
11.01.2023,11.01.2023,ISHARES CORE S&P 500 ETF,IE00B5BMR087,-40,Stück,-12876.13,€,321.90,€,1.00,3138381107,Thesaurierung transparenter Fonds IE00B5BMR087
11.01.2023,11.01.2023,ISHARES CORE S&P 500 ETF,IE00B5BMR087,-33,Stück,-10622.81,€,321.90,€,1.00,3138381108,Thesaurierung transparenter Fonds IE00B5BMR087
11.01.2023,11.01.2023,ISHARES CORE S&P 500 ETF,IE00B5BMR087,-24,Stück,-7725.68,€,321.90,€,1.00,3138381109,Thesaurierung transparenter Fonds IE00B5BMR087
11.01.2023,11.01.2023,ISHARES CORE S&P 500 ETF,IE00B5BMR087,40,Stück,13440.12,€,336.00,€,1.00,3138381110,Thesaurierung transparenter Fonds IE00B5BMR087
11.01.2023,11.01.2023,ISHARES CORE S&P 500 ETF,IE00B5BMR087,33,Stück,11088.10,€,336.00,€,1.00,3138381111,Thesaurierung transparenter Fonds IE00B5BMR087
11.01.2023,11.01.2023,ISHARES CORE S&P 500 ETF,IE00B5BMR087,24,Stück,8064.07,€,336.00,€,1.00,3138381112,Thesaurierung transparenter Fonds IE00B5BMR087
24.01.2023,24.01.2023,LYXOR NYSE ARCA GOLD BUGS ETF,LU0488317701,-180,Stück,-3719.85,€,20.67,€,1.00,3151282909,Thesaurierung transparenter Fonds LU0488317701
24.01.2023,24.01.2023,LYXOR NYSE ARCA GOLD BUGS ETF,LU0488317701,-153,Stück,-3161.87,€,20.67,€,1.00,3151282910,Thesaurierung transparenter Fonds LU0488317701
24.01.2023,24.01.2023,LYXOR NYSE ARCA GOLD BUGS ETF,LU0488317701,180,Stück,3798.33,€,21.10,€,1.00,3151282911,Thesaurierung transparenter Fonds LU0488317701
24.01.2023,24.01.2023,LYXOR NYSE ARCA GOLD BUGS ETF,LU0488317701,153,Stück,3228.58,€,21.10,€,1.00,3151282912,Thesaurierung transparenter Fonds LU0488317701
05.05.2023,05.05.2023,ISHARES S&P 500 INFO TECH SECT ETF,IE00B3WJKG14,-26,Stück,-290.34,€,11.17,€,1.00,3274059048,Thesaurierung transparenter Fonds IE00B3WJKG14
05.05.2023,05.05.2023,ISHARES S&P 500 INFO TECH SECT ETF,IE00B3WJKG14,-42,Stück,-469.02,€,11.17,€,1.00,3274059049,Thesaurierung transparenter Fonds IE00B3WJKG14
05.05.2023,05.05.2023,ISHARES S&P 500 INFO TECH SECT ETF,IE00B3WJKG14,-23,Stück,-256.84,€,11.17,€,1.00,3274059050,Thesaurierung transparenter Fonds IE00B3WJKG14
05.05.2023,05.05.2023,ISHARES S&P 500 INFO TECH SECT ETF,IE00B3WJKG14,-289,Stück,-3227.27,€,11.17,€,1.00,3274059051,Thesaurierung transparenter Fonds IE00B3WJKG14
05.05.2023,05.05.2023,ISHARES S&P 500 INFO TECH SECT ETF,IE00B3WJKG14,-300,Stück,-3350.11,€,11.17,€,1.00,3274059052,Thesaurierung transparenter Fonds IE00B3WJKG14
05.05.2023,05.05.2023,ISHARES S&P 500 INFO TECH SECT ETF,IE00B3WJKG14,26,Stück,304.08,€,11.70,€,1.00,3274059053,Thesaurierung transparenter Fonds IE00B3WJKG14
05.05.2023,05.05.2023,ISHARES S&P 500 INFO TECH SECT ETF,IE00B3WJKG14,42,Stück,491.22,€,11.70,€,1.00,3274059054,Thesaurierung transparenter Fonds IE00B3WJKG14
05.05.2023,05.05.2023,ISHARES S&P 500 INFO TECH SECT ETF,IE00B3WJKG14,23,Stück,268.99,€,11.70,€,1.00,3274059055,Thesaurierung transparenter Fonds IE00B3WJKG14
05.05.2023,05.05.2023,ISHARES S&P 500 INFO TECH SECT ETF,IE00B3WJKG14,289,Stück,3379.99,€,11.70,€,1.00,3274059056,Thesaurierung transparenter Fonds IE00B3WJKG14
05.05.2023,05.05.2023,ISHARES S&P 500 INFO TECH SECT ETF,IE00B3WJKG14,300,Stück,3508.65,€,11.70,€,1.00,3274059057,Thesaurierung transparenter Fonds IE00B3WJKG14
18.08.2023,18.08.2023,ISHARES CORE MSCI EM IMI ETF,IE00BKM4GZ66,-180,Stück,-4912.20,€,27.29,€,1.00,3392831865,Thesaurierung transparenter Fonds IE00BKM4GZ66
18.08.2023,18.08.2023,ISHARES CORE MSCI EM IMI ETF,IE00BKM4GZ66,-216,Stück,-5894.63,€,27.29,€,1.00,3392831866,Thesaurierung transparenter Fonds IE00BKM4GZ66
18.08.2023,18.08.2023,ISHARES CORE MSCI EM IMI ETF,IE00BKM4GZ66,180,Stück,5037.85,€,27.99,€,1.00,3392831867,Thesaurierung transparenter Fonds IE00BKM4GZ66
18.08.2023,18.08.2023,ISHARES CORE MSCI EM IMI ETF,IE00BKM4GZ66,216,Stück,6045.42,€,27.99,€,1.00,3392831868,Thesaurierung transparenter Fonds IE00BKM4GZ66
19.08.2023,19.08.2023,ISHARES STOXX GLOBAL SEL DIV 100 (DE),DE000A0F5UH1,-445,Stück,-13553.37,€,30.46,€,1.00,3394837081,Thesaurierung transparenter Fonds DE000A0F5UH1
19.08.2023,19.08.2023,ISHARES STOXX GLOBAL SEL DIV 100 (DE),DE000A0F5UH1,445,Stück,14174.37,€,31.85,€,1.00,3394837082,Thesaurierung transparenter Fonds DE000A0F5UH1
04.10.2023,04.10.2023,ISHARES EDGE MSCI WLD MIN VOL ETF,IE00B8FHGS14,-275,Stück,-13954.99,€,50.75,€,1.00,3446263678,Thesaurierung transparenter Fonds IE00B8FHGS14
04.10.2023,04.10.2023,ISHARES EDGE MSCI WLD MIN VOL ETF,IE00B8FHGS14,-95,Stück,-4820.81,€,50.75,€,1.00,3446263679,Thesaurierung transparenter Fonds IE00B8FHGS14
04.10.2023,04.10.2023,ISHARES EDGE MSCI WLD MIN VOL ETF,IE00B8FHGS14,275,Stück,14145.07,€,51.44,€,1.00,3446263680,Thesaurierung transparenter Fonds IE00B8FHGS14
04.10.2023,04.10.2023,ISHARES EDGE MSCI WLD MIN VOL ETF,IE00B8FHGS14,95,Stück,4886.47,€,51.44,€,1.00,3446263681,Thesaurierung transparenter Fonds IE00B8FHGS14
14.12.2023,13.12.2023,LYXOR NYSE ARCA GOLD BUGS ETF,LU0488317701,-180,Stück,-3798.33,€,21.10,€,1.00,3518164398,Fusion im Verhältnis 1:1 in ISIN LU2611731824
14.12.2023,13.12.2023,LYXOR NYSE ARCA GOLD BUGS ETF,LU0488317701,-153,Stück,-3228.58,€,21.10,€,1.00,3518164399,Fusion im Verhältnis 1:1 in ISIN LU2611731824
14.12.2023,13.12.2023,AM IS ANAGC UETFD,LU2611731824,180,Stück,3798.33,€,21.10,€,1.00,3518164403,Fusion im Verhältnis 1:1 in ISIN LU2611731824
14.12.2023,13.12.2023,AM IS ANAGC UETFD,LU2611731824,153,Stück,3228.58,€,21.10,€,1.00,3518164404,Fusion im Verhältnis 1:1 in ISIN LU2611731824
19.12.2023,19.12.2023,ISHARES MSCI WORLD SMALL CAP ETF,IE00BF4RFH31,-560,Stück,-3672.34,€,6.56,€,1.00,3525401244,Thesaurierung transparenter Fonds IE00BF4RFH31
17.01.2024,17.01.2024,ISHARES CORE S&P 500 ETF,IE00B5BMR087,-40,Stück,-13440.12,€,336.00,€,1.00,3569368294,Thesaurierung transparenter Fonds IE00B5BMR087
17.01.2024,17.01.2024,ISHARES CORE S&P 500 ETF,IE00B5BMR087,-33,Stück,-11088.10,€,336.00,€,1.00,3569368295,Thesaurierung transparenter Fonds IE00B5BMR087
17.01.2024,17.01.2024,ISHARES CORE S&P 500 ETF,IE00B5BMR087,-24,Stück,-8064.07,€,336.00,€,1.00,3569368296,Thesaurierung transparenter Fonds IE00B5BMR087
17.01.2024,17.01.2024,ISHARES CORE S&P 500 ETF,IE00B5BMR087,40,Stück,13900.17,€,347.50,€,1.00,3569368297,Thesaurierung transparenter Fonds IE00B5BMR087
17.01.2024,17.01.2024,ISHARES CORE S&P 500 ETF,IE00B5BMR087,33,Stück,11467.64,€,347.50,€,1.00,3569368298,Thesaurierung transparenter Fonds IE00B5BMR087
17.01.2024,17.01.2024,ISHARES CORE S&P 500 ETF,IE00B5BMR087,24,Stück,8340.11,€,347.50,€,1.00,3569368299,Thesaurierung transparenter Fonds IE00B5BMR087
07.05.2024,07.05.2024,ISHARES S&P 500 INFO TECH SECT ETF,IE00B3WJKG14,-26,Stück,-304.08,€,11.70,€,1.00,3722382747,Thesaurierung transparenter Fonds IE00B3WJKG14
07.05.2024,07.05.2024,ISHARES S&P 500 INFO TECH SECT ETF,IE00B3WJKG14,-42,Stück,-491.21,€,11.70,€,1.00,3722382748,Thesaurierung transparenter Fonds IE00B3WJKG14
07.05.2024,07.05.2024,ISHARES S&P 500 INFO TECH SECT ETF,IE00B3WJKG14,-23,Stück,-269.00,€,11.70,€,1.00,3722382749,Thesaurierung transparenter Fonds IE00B3WJKG14
07.05.2024,07.05.2024,ISHARES S&P 500 INFO TECH SECT ETF,IE00B3WJKG14,-289,Stück,-3380.00,€,11.70,€,1.00,3722382750,Thesaurierung transparenter Fonds IE00B3WJKG14
07.05.2024,07.05.2024,ISHARES S&P 500 INFO TECH SECT ETF,IE00B3WJKG14,-300,Stück,-3508.65,€,11.70,€,1.00,3722382751,Thesaurierung transparenter Fonds IE00B3WJKG14
07.05.2024,07.05.2024,ISHARES S&P 500 INFO TECH SECT ETF,IE00B3WJKG14,26,Stück,324.42,€,12.48,€,1.00,3722382752,Thesaurierung transparenter Fonds IE00B3WJKG14
07.05.2024,07.05.2024,ISHARES S&P 500 INFO TECH SECT ETF,IE00B3WJKG14,42,Stück,524.07,€,12.48,€,1.00,3722382753,Thesaurierung transparenter Fonds IE00B3WJKG14
07.05.2024,07.05.2024,ISHARES S&P 500 INFO TECH SECT ETF,IE00B3WJKG14,23,Stück,286.99,€,12.48,€,1.00,3722382754,Thesaurierung transparenter Fonds IE00B3WJKG14
07.05.2024,07.05.2024,ISHARES S&P 500 INFO TECH SECT ETF,IE00B3WJKG14,289,Stück,3606.11,€,12.48,€,1.00,3722382755,Thesaurierung transparenter Fonds IE00B3WJKG14
07.05.2024,07.05.2024,ISHARES S&P 500 INFO TECH SECT ETF,IE00B3WJKG14,300,Stück,3743.37,€,12.48,€,1.00,3722382756,Thesaurierung transparenter Fonds IE00B3WJKG14
05.06.2024,05.06.2024,VANGUARD FTSE DEV ASIAPACEXJPN UCITS ETF,IE00B9F5YL18,-129,Stück,-3479.13,€,26.97,€,1.00,3758831228,Thesaurierung transparenter Fonds IE00B9F5YL18
05.06.2024,05.06.2024,VANGUARD FTSE DEV ASIAPACEXJPN UCITS ETF,IE00B9F5YL18,129,Stück,3479.13,€,26.97,€,1.00,3758831229,Thesaurierung transparenter Fonds IE00B9F5YL18
05.06.2024,05.06.2024,VANGUARD FTSE DEV ASIAPACEXJPN UCITS ETF,IE00B9F5YL18,-129,Stück,-3479.13,€,26.97,€,1.00,3758835129,Thesaurierung transparenter Fonds IE00B9F5YL18
05.06.2024,05.06.2024,VANGUARD FTSE DEV ASIAPACEXJPN UCITS ETF,IE00B9F5YL18,129,Stück,3479.13,€,26.97,€,1.00,3758835130,Thesaurierung transparenter Fonds IE00B9F5YL18
05.06.2024,05.06.2024,L&G CYBER SECURITY ETF,IE00BYPLS672,-232,Stück,-4445.33,€,19.16,€,1.00,3759045461,Thesaurierung transparenter Fonds IE00BYPLS672
05.06.2024,05.06.2024,L&G CYBER SECURITY ETF,IE00BYPLS672,232,Stück,4445.33,€,19.16,€,1.00,3759045462,Thesaurierung transparenter Fonds IE00BYPLS672
06.08.2024,06.08.2024,ISHARES STOXX GLOBAL SEL DIV 100 (DE),DE000A0F5UH1,-445,Stück,-14174.37,€,31.85,€,1.00,3844735305,Thesaurierung transparenter Fonds DE000A0F5UH1
06.08.2024,06.08.2024,ISHARES STOXX GLOBAL SEL DIV 100 (DE),DE000A0F5UH1,445,Stück,14518.62,€,32.63,€,1.00,3844735306,Thesaurierung transparenter Fonds DE000A0F5UH1
07.08.2024,07.08.2024,ISHARES CORE MSCI EM IMI ETF,IE00BKM4GZ66,-180,Stück,-5037.85,€,27.99,€,1.00,3846959731,Thesaurierung transparenter Fonds IE00BKM4GZ66
07.08.2024,07.08.2024,ISHARES CORE MSCI EM IMI ETF,IE00BKM4GZ66,-216,Stück,-6045.42,€,27.99,€,1.00,3846959732,Thesaurierung transparenter Fonds IE00BKM4GZ66
07.08.2024,07.08.2024,ISHARES CORE MSCI EM IMI ETF,IE00BKM4GZ66,180,Stück,5065.30,€,28.14,€,1.00,3846959733,Thesaurierung transparenter Fonds IE00BKM4GZ66
07.08.2024,07.08.2024,ISHARES CORE MSCI EM IMI ETF,IE00BKM4GZ66,216,Stück,6078.37,€,28.14,€,1.00,3846959734,Thesaurierung transparenter Fonds IE00BKM4GZ66
28.09.2024,28.09.2024,ISHARES EDGE MSCI WLD MIN VOL ETF,IE00B8FHGS14,-275,Stück,-14145.06,€,51.44,€,1.00,3905777570,Thesaurierung transparenter Fonds IE00B8FHGS14
28.09.2024,28.09.2024,ISHARES EDGE MSCI WLD MIN VOL ETF,IE00B8FHGS14,-95,Stück,-4886.48,€,51.44,€,1.00,3905777571,Thesaurierung transparenter Fonds IE00B8FHGS14
28.09.2024,28.09.2024,ISHARES EDGE MSCI WLD MIN VOL ETF,IE00B8FHGS14,275,Stück,14638.08,€,53.23,€,1.00,3905777572,Thesaurierung transparenter Fonds IE00B8FHGS14
28.09.2024,28.09.2024,ISHARES EDGE MSCI WLD MIN VOL ETF,IE00B8FHGS14,95,Stück,5056.80,€,53.23,€,1.00,3905777573,Thesaurierung transparenter Fonds IE00B8FHGS14
18.12.2024,13.12.2024,AM IS ANAGC UETFD,LU2611731824,-180,Stück,-3798.33,€,21.10,€,1.00,4021473198,Erträgnisausschüttung LU2611731824
18.12.2024,13.12.2024,AM IS ANAGC UETFD,LU2611731824,-153,Stück,-3228.58,€,21.10,€,1.00,4021473199,Erträgnisausschüttung LU2611731824
18.12.2024,13.12.2024,AM IS ANAGC UETFD,LU2611731824,180,Stück,4037.32,€,22.43,€,1.00,4021473200,Erträgnisausschüttung LU2611731824
18.12.2024,13.12.2024,AM IS ANAGC UETFD,LU2611731824,153,Stück,3431.72,€,22.43,€,1.00,4021473201,Erträgnisausschüttung LU2611731824
10.01.2025,10.01.2025,ISHARES CORE MSCI EUROPE ETF (ACC),IE00B4K48X80,-92,Stück,-5582.47,€,60.68,€,1.00,4065902785,Thesaurierung transparenter Fonds IE00B4K48X80
10.01.2025,10.01.2025,ISHARES CORE MSCI EUROPE ETF (ACC),IE00B4K48X80,-110,Stück,-6674.69,€,60.68,€,1.00,4065902786,Thesaurierung transparenter Fonds IE00B4K48X80
10.01.2025,10.01.2025,ISHARES CORE MSCI EUROPE ETF (ACC),IE00B4K48X80,-90,Stück,-5461.11,€,60.68,€,1.00,4065902787,Thesaurierung transparenter Fonds IE00B4K48X80
10.01.2025,10.01.2025,ISHARES CORE MSCI EUROPE ETF (ACC),IE00B4K48X80,92,Stück,5794.86,€,62.99,€,1.00,4065902788,Thesaurierung transparenter Fonds IE00B4K48X80
10.01.2025,10.01.2025,ISHARES CORE MSCI EUROPE ETF (ACC),IE00B4K48X80,110,Stück,6928.64,€,62.99,€,1.00,4065902789,Thesaurierung transparenter Fonds IE00B4K48X80
10.01.2025,10.01.2025,ISHARES CORE MSCI EUROPE ETF (ACC),IE00B4K48X80,90,Stück,5668.88,€,62.99,€,1.00,4065902790,Thesaurierung transparenter Fonds IE00B4K48X80
10.01.2025,10.01.2025,ISHARES CORE MSCI JAPAN IMI ETF,IE00B4L5YX21,-112,Stück,-4370.15,€,39.02,€,1.00,4065954503,Thesaurierung transparenter Fonds IE00B4L5YX21
10.01.2025,10.01.2025,ISHARES CORE MSCI JAPAN IMI ETF,IE00B4L5YX21,-80,Stück,-3121.54,€,39.02,€,1.00,4065954504,Thesaurierung transparenter Fonds IE00B4L5YX21
10.01.2025,10.01.2025,ISHARES CORE MSCI JAPAN IMI ETF,IE00B4L5YX21,112,Stück,4531.14,€,40.46,€,1.00,4065954505,Thesaurierung transparenter Fonds IE00B4L5YX21
10.01.2025,10.01.2025,ISHARES CORE MSCI JAPAN IMI ETF,IE00B4L5YX21,80,Stück,3236.54,€,40.46,€,1.00,4065954506,Thesaurierung transparenter Fonds IE00B4L5YX21
10.01.2025,10.01.2025,ISHARES MSCI WORLD SMALL CAP ETF,IE00BF4RFH31,-560,Stück,-3744.61,€,6.69,€,1.00,4066250103,Thesaurierung transparenter Fonds IE00BF4RFH31
10.01.2025,10.01.2025,ISHARES MSCI WORLD SMALL CAP ETF,IE00BF4RFH31,-750,Stück,-5015.11,€,6.69,€,1.00,4066250104,Thesaurierung transparenter Fonds IE00BF4RFH31
10.01.2025,10.01.2025,ISHARES MSCI WORLD SMALL CAP ETF,IE00BF4RFH31,560,Stück,3825.63,€,6.83,€,1.00,4066250105,Thesaurierung transparenter Fonds IE00BF4RFH31
10.01.2025,10.01.2025,ISHARES MSCI WORLD SMALL CAP ETF,IE00BF4RFH31,750,Stück,5123.63,€,6.83,€,1.00,4066250106,Thesaurierung transparenter Fonds IE00BF4RFH31
15.01.2025,15.01.2025,ISHARES STOXX GLOBAL SEL DIV 100 (DE),DE000A0F5UH1,-445,Stück,-14518.62,€,32.63,€,1.00,4071632279,Erträgnisausschüttung DE000A0F5UH1
15.01.2025,15.01.2025,ISHARES STOXX GLOBAL SEL DIV 100 (DE),DE000A0F5UH1,445,Stück,14422.10,€,32.41,€,1.00,4071632280,Erträgnisausschüttung DE000A0F5UH1
16.01.2025,16.01.2025,VANGUARD FTSE DEV ASIAPACEXJPN UCITS ETF,IE00B9F5YL18,-129,Stück,-3479.13,€,26.97,€,1.00,4073801001,Thesaurierung transparenter Fonds IE00B9F5YL18
16.01.2025,16.01.2025,VANGUARD FTSE DEV ASIAPACEXJPN UCITS ETF,IE00B9F5YL18,129,Stück,3410.32,€,26.44,€,1.00,4073801002,Thesaurierung transparenter Fonds IE00B9F5YL18
21.01.2025,21.01.2025,ISHARES CORE S&P 500 ETF,IE00B5BMR087,-40,Stück,-13900.17,€,347.50,€,1.00,4080530372,Thesaurierung transparenter Fonds IE00B5BMR087
21.01.2025,21.01.2025,ISHARES CORE S&P 500 ETF,IE00B5BMR087,-33,Stück,-11467.64,€,347.50,€,1.00,4080530373,Thesaurierung transparenter Fonds IE00B5BMR087
21.01.2025,21.01.2025,ISHARES CORE S&P 500 ETF,IE00B5BMR087,-24,Stück,-8340.10,€,347.50,€,1.00,4080530374,Thesaurierung transparenter Fonds IE00B5BMR087
21.01.2025,21.01.2025,ISHARES CORE S&P 500 ETF,IE00B5BMR087,40,Stück,14388.82,€,359.72,€,1.00,4080530375,Thesaurierung transparenter Fonds IE00B5BMR087
21.01.2025,21.01.2025,ISHARES CORE S&P 500 ETF,IE00B5BMR087,33,Stück,11870.77,€,359.72,€,1.00,4080530376,Thesaurierung transparenter Fonds IE00B5BMR087
21.01.2025,21.01.2025,ISHARES CORE S&P 500 ETF,IE00B5BMR087,24,Stück,8633.29,€,359.72,€,1.00,4080530377,Thesaurierung transparenter Fonds IE00B5BMR087
15.04.2025,15.04.2025,ISHARES STOXX GLOBAL SEL DIV 100 (DE),DE000A0F5UH1,-445,Stück,-14422.10,€,32.41,€,1.00,4247284968,Erträgnisausschüttung DE000A0F5UH1
15.04.2025,15.04.2025,ISHARES STOXX GLOBAL SEL DIV 100 (DE),DE000A0F5UH1,445,Stück,14418.85,€,32.40,€,1.00,4247284969,Erträgnisausschüttung DE000A0F5UH1
28.06.2025,28.06.2025,ISHARES S&P 500 INFO TECH SECT ETF,IE00B3WJKG14,-26,Stück,-324.42,€,12.48,€,1.00,4352498622,Thesaurierung transparenter Fonds IE00B3WJKG14
28.06.2025,28.06.2025,ISHARES S&P 500 INFO TECH SECT ETF,IE00B3WJKG14,-42,Stück,-524.07,€,12.48,€,1.00,4352498623,Thesaurierung transparenter Fonds IE00B3WJKG14
28.06.2025,28.06.2025,ISHARES S&P 500 INFO TECH SECT ETF,IE00B3WJKG14,-23,Stück,-286.99,€,12.48,€,1.00,4352498624,Thesaurierung transparenter Fonds IE00B3WJKG14
28.06.2025,28.06.2025,ISHARES S&P 500 INFO TECH SECT ETF,IE00B3WJKG14,-289,Stück,-3606.11,€,12.48,€,1.00,4352498625,Thesaurierung transparenter Fonds IE00B3WJKG14
28.06.2025,28.06.2025,ISHARES S&P 500 INFO TECH SECT ETF,IE00B3WJKG14,-300,Stück,-3743.36,€,12.48,€,1.00,4352498626,Thesaurierung transparenter Fonds IE00B3WJKG14
28.06.2025,28.06.2025,ISHARES S&P 500 INFO TECH SECT ETF,IE00B3WJKG14,26,Stück,367.87,€,14.15,€,1.00,4352498627,Thesaurierung transparenter Fonds IE00B3WJKG14
28.06.2025,28.06.2025,ISHARES S&P 500 INFO TECH SECT ETF,IE00B3WJKG14,42,Stück,594.25,€,14.15,€,1.00,4352498628,Thesaurierung transparenter Fonds IE00B3WJKG14
28.06.2025,28.06.2025,ISHARES S&P 500 INFO TECH SECT ETF,IE00B3WJKG14,23,Stück,325.42,€,14.15,€,1.00,4352498629,Thesaurierung transparenter Fonds IE00B3WJKG14
28.06.2025,28.06.2025,ISHARES S&P 500 INFO TECH SECT ETF,IE00B3WJKG14,289,Stück,4089.02,€,14.15,€,1.00,4352498630,Thesaurierung transparenter Fonds IE00B3WJKG14
28.06.2025,28.06.2025,ISHARES S&P 500 INFO TECH SECT ETF,IE00B3WJKG14,300,Stück,4244.65,€,14.15,€,1.00,4352498631,Thesaurierung transparenter Fonds IE00B3WJKG14
15.07.2025,15.07.2025,ISHARES STOXX GLOBAL SEL DIV 100 (DE),DE000A0F5UH1,-445,Stück,-14418.85,€,32.40,€,1.00,4384743984,Erträgnisausschüttung DE000A0F5UH1
15.07.2025,15.07.2025,ISHARES STOXX GLOBAL SEL DIV 100 (DE),DE000A0F5UH1,445,Stück,14400.12,€,32.36,€,1.00,4384743985,Erträgnisausschüttung DE000A0F5UH1
31.07.2025,31.07.2025,ISHARES STOXX GLOBAL SEL DIV 100 (DE),DE000A0F5UH1,-445,Stück,-14400.12,€,32.36,€,1.00,4409287593,Thesaurierung transparenter Fonds DE000A0F5UH1
31.07.2025,31.07.2025,ISHARES STOXX GLOBAL SEL DIV 100 (DE),DE000A0F5UH1,445,Stück,14822.78,€,33.31,€,1.00,4409287594,Thesaurierung transparenter Fonds DE000A0F5UH1
09.08.2025,09.08.2025,ISHARES CORE MSCI EM IMI ETF,IE00BKM4GZ66,-180,Stück,-5065.30,€,28.14,€,1.00,4427108766,Thesaurierung transparenter Fonds IE00BKM4GZ66
09.08.2025,09.08.2025,ISHARES CORE MSCI EM IMI ETF,IE00BKM4GZ66,-216,Stück,-6078.37,€,28.14,€,1.00,4427108767,Thesaurierung transparenter Fonds IE00BKM4GZ66
09.08.2025,09.08.2025,ISHARES CORE MSCI EM IMI ETF,IE00BKM4GZ66,180,Stück,5100.45,€,28.34,€,1.00,4427108768,Thesaurierung transparenter Fonds IE00BKM4GZ66
09.08.2025,09.08.2025,ISHARES CORE MSCI EM IMI ETF,IE00BKM4GZ66,216,Stück,6120.56,€,28.34,€,1.00,4427108769,Thesaurierung transparenter Fonds IE00BKM4GZ66
06.10.2025,01.10.2025,ISHARES EDGE MSCI WLD MIN VOL ETF,IE00B8FHGS14,-275,Stück,-14638.09,€,53.23,€,1.00,4515952717,Thesaurierung transparenter Fonds IE00B8FHGS14
06.10.2025,01.10.2025,ISHARES EDGE MSCI WLD MIN VOL ETF,IE00B8FHGS14,-95,Stück,-5056.79,€,53.23,€,1.00,4515952718,Thesaurierung transparenter Fonds IE00B8FHGS14
06.10.2025,01.10.2025,ISHARES EDGE MSCI WLD MIN VOL ETF,IE00B8FHGS14,275,Stück,15274.03,€,55.54,€,1.00,4515952719,Thesaurierung transparenter Fonds IE00B8FHGS14
06.10.2025,01.10.2025,ISHARES EDGE MSCI WLD MIN VOL ETF,IE00B8FHGS14,95,Stück,5276.48,€,55.54,€,1.00,4515952720,Thesaurierung transparenter Fonds IE00B8FHGS14
15.10.2025,15.10.2025,ISHARES STOXX GLOBAL SEL DIV 100 (DE),DE000A0F5UH1,-445,Stück,-14822.78,€,33.31,€,1.00,4538265623,Erträgnisausschüttung DE000A0F5UH1
15.10.2025,15.10.2025,ISHARES STOXX GLOBAL SEL DIV 100 (DE),DE000A0F5UH1,445,Stück,14816.68,€,33.30,€,1.00,4538265624,Erträgnisausschüttung DE000A0F5UH1
07.11.2025,11.11.2025,ISHARES CORE S&P 500 ETF,IE00B5BMR087,-19,Stück,-11876.71,€,625.09,€,1.00,4580297641,Ausführung ORDER Verkauf IE00B5BMR087 302782228
07.11.2025,11.11.2025,ISHARES S&P 500 INFO TECH SECT ETF,IE00B3WJKG14,-220,Stück,-8048.70,€,36.59,€,1.00,4580307306,Ausführung ORDER Verkauf IE00B3WJKG14 302782592
19.11.2025,21.11.2025,ISHARES CORE S&P 500 ETF,IE00B5BMR087,-19,Stück,-11602.54,€,610.66,€,1.00,4600106173,Ausführung ORDER Verkauf IE00B5BMR087 303320968
27.11.2025,01.12.2025,BNP EO UEC,LU3025345516,1987,Stück,20090.95,€,10.11,€,1.00,4616135699,Ausführung ORDER Kauf LU3025345516 303668967
27.11.2025,01.12.2025,BNP EO UEC,LU3025345516,2473,Stück,25005.24,€,10.11,€,1.00,4616135710,Ausführung ORDER Kauf LU3025345516 303668967
27.11.2025,01.12.2025,BNP EO UEC,LU3025345516,262,Stück,2650.16,€,10.12,€,1.00,4616135721,Ausführung ORDER Kauf LU3025345516 303668967
11.12.2025,11.12.2025,AM IS ANAGC UETFD,LU2611731824,-180,Stück,-4037.32,€,22.43,€,1.00,4639881150,Erträgnisausschüttung LU2611731824
11.12.2025,11.12.2025,AM IS ANAGC UETFD,LU2611731824,-153,Stück,-3431.72,€,22.43,€,1.00,4639881151,Erträgnisausschüttung LU2611731824
11.12.2025,11.12.2025,AM IS ANAGC UETFD,LU2611731824,180,Stück,4779.35,€,26.55,€,1.00,4639881152,Erträgnisausschüttung LU2611731824
11.12.2025,11.12.2025,AM IS ANAGC UETFD,LU2611731824,153,Stück,4062.45,€,26.55,€,1.00,4639881153,Erträgnisausschüttung LU2611731824
20.12.2025,19.12.2025,ISHARES CORE MSCI EUROPE ETF (ACC),IE00B4K48X80,-92,Stück,-5794.86,€,62.99,€,1.00,4659884141,Thesaurierung transparenter Fonds IE00B4K48X80
20.12.2025,19.12.2025,ISHARES CORE MSCI EUROPE ETF (ACC),IE00B4K48X80,-110,Stück,-6928.64,€,62.99,€,1.00,4659884142,Thesaurierung transparenter Fonds IE00B4K48X80
20.12.2025,19.12.2025,ISHARES CORE MSCI EUROPE ETF (ACC),IE00B4K48X80,-90,Stück,-5668.88,€,62.99,€,1.00,4659884143,Thesaurierung transparenter Fonds IE00B4K48X80
20.12.2025,19.12.2025,ISHARES CORE MSCI EUROPE ETF (ACC),IE00B4K48X80,92,Stück,6025.19,€,65.49,€,1.00,4659884144,Thesaurierung transparenter Fonds IE00B4K48X80
